id,gnaf_address_id,street,suburb,postcode,state_code,latitude,longitude,type,land_sqm,bed,bath,car,floorplan
4121487,5659,1805/1 Boys Avenue,Blacktown,2148,NSW,-33.766815,150.909564,unit,,2,2,1,false
2624405,10936,2/20 Tallawong Avenue,Blacktown,2148,NSW,-33.776417,150.884300,unit,,2,2,2,true
4060929,45824,7 Marampo Street,Marayong,2148,NSW,-33.745500,150.884890,house,,1,1,3,false
68378,75889,26 Dan Avenue,Blacktown,2148,NSW,-33.762730,150.895520,house,625,5,2,4,true
890748,82641,108A Douglas Road,Blacktown,2148,NSW,-33.781316,150.880683,house,,2,2,1,false
2488829,86467,71A/177A Reservoir Rd,Blacktown,2148,NSW,-33.797414,150.899928,unit,,2,2,2,true
4060223,184174,5 Eta Street,Blacktown,2148,NSW,-33.778847,150.896090,house,550,1,1,2,true
848353,214398,16/26 Mantaka Street,Blacktown,2148,NSW,-33.773676,150.917647,unit,,1,1,1,true
4145982,264655,5 Eltham Street,Blacktown,2148,NSW,-33.791103,150.914930,house,569,1,1,2,true
2296193,279004,3 Charles Street,Blacktown,2148,NSW,-33.753188,150.917538,house,550,1,1,1,true
68275,308961,34 Bellevue Street,Blacktown,2148,NSW,-33.779819,150.891554,house,581,1,1,1,true
124434,310346,69 Breakfast Road,Marayong,2148,NSW,-33.751150,150.888151,house,600,1,1,4,true
4118717,315387,17 Dan Avenue,Blacktown,2148,NSW,-33.761170,150.896600,house,,1,1,2,true
2957821,368358,11/36 Allawah Street,Blacktown,2148,NSW,-33.771038,150.900764,unit,,2,2,2,false
1618273,374940,25 Panorama Parade,Blacktown,2148,NSW,-33.777304,150.914812,house,569,1,1,1,true
3751868,408344,4 Belrose Place,Prospect,2148,NSW,-33.797180,150.924800,house,670,3,3,2,true
1745505,433140,11 Bedford Road,Blacktown,2148,NSW,-33.758614,150.917947,house,676,1,1,1,true
591707,466822,2 Vincent Street,Blacktown,2148,NSW,-33.778378,150.895488,house,,2,2,1,true
464282,528541,5 Hillside Road,Blacktown,2148,NSW,-33.778624,150.894018,house,556,1,1,1,true
68278,543214,42 Buckley Avenue,Blacktown,2148,NSW,-33.757837,150.900943,house,,1,1,1,true
2930410,562157,65/130 Reservoir Rd,Blacktown,2148,NSW,-33.788320,150.897420,unit,,1,1,2,true
4108692,562636,5 Maureen Place,Blacktown,2148,NSW,-33.776108,150.893970,house,632,2,2,1,true
497572,575667,18a Osborne Road,Marayong,2148,NSW,-33.754638,150.894748,house,563,1,1,1,false
68413,580178,16 Nerada Street,Blacktown,2148,NSW,-33.773244,150.897107,house,632,1,1,1,true
68494,599118,48/5 Griffiths Street,Blacktown,2148,NSW,-33.773684,150.916179,unit,,1,1,1,true
68332,615515,17 Savery Crescent,Blacktown,2148,NSW,-33.787098,150.897670,house,556,2,2,3,false
1970916,630769,1 Charles Street,Blacktown,2148,NSW,-33.753324,150.917515,house,544,1,1,1,true
2636905,675031,7 Oulton Street,Prospect,2148,NSW,-33.793224,150.909530,house,,3,3,3,false
2810934,707562,20 Sylvia Street,Blacktown,2148,NSW,-33.773796,150.885330,house,,1,1,2,true
3269335,731162,17 Shephard Street,Marayong,2148,NSW,-33.749328,150.899487,house,619,1,1,2,false
68287,746907,804/1 Boys Avenue,Blacktown,2148,NSW,-33.766815,150.909539,unit,,1,1,1,true
570936,797572,25-27 Fourth Ave,Blacktown,2148,NSW,-33.763850,150.910260,unit,,1,1,1,false
754099,805520,24 Kurrajong Crescent,Blacktown,2148,NSW,-33.789187,150.901103,house,556,2,2,1,true
68362,827717,73/5 Griffiths Street,Blacktown,2148,NSW,-33.773684,150.916179,unit,,1,1,1,true
2819850,842983,263 Madagascar  drive,Kings Park,2148,NSW,-33.743270,150.915160,house,558,2,2,3,true
4108690,855367,4 Iona Street,Blacktown,2148,NSW,-33.773229,150.890288,house,607,1,1,0,true
68324,885813,29 Highlands Crescent,Blacktown,2148,NSW,-33.774377,150.892885,house,556,1,1,2,true
2088604,898285,36/177 Reservoir Road,Blacktown,2148,NSW,-33.796900,150.898580,unit,,1,1,1,false
124439,921855,33 Terrigal Street,Marayong,2148,NSW,-33.748276,150.886273,house,558,1,1,2,true
68400,955444,66 Kildare Road,Blacktown,2148,NSW,-33.769135,150.901140,house,1442,2,2,1,false
4160877,990070,64 Swinson Road,Blacktown,2148,NSW,-33.779293,150.906400,house,708,2,2,3,true
2706506,1018419,27 St Pauls Way,Blacktown,2148,NSW,-33.783760,150.892000,unit,227,1,1,1,true
4072498,1054067,50 Kastelan Street,Blacktown,2148,NSW,-33.777720,150.888150,house,547,1,1,1,true
68279,1069468,7 Caldwell Place,Blacktown,2148,NSW,-33.777860,150.912920,house,,3,3,4,false
68433,1152025,7/13-19 Devitt Street,Blacktown,2148,NSW,-33.770924,150.915010,unit,,1,1,1,false
1908515,1183105,51/130 Main Street,Blacktown,2148,NSW,-33.771909,150.911003,unit,,2,2,1,true
4061318,1183246,3/36 Lloyd Street,Blacktown,2148,NSW,-33.777700,150.883900,unit,,2,2,2,false
222477,1198129,1 Belrose Place,Prospect,2148,NSW,-33.797513,150.925144,house,762,2,2,2,true
4061319,1235642,Fairwater Boulevard,Blacktown,2148,NSW,-33.760563,150.901950,unknown,,0,0,0,false
1828727,1242582,3 Alam Street,Blacktown,2148,NSW,-33.760920,150.896070,house,,3,3,1,true
68376,1255564,305/1 Griffiths Street,Blacktown,2148,NSW,-33.773622,150.915568,unit,,1,1,1,true
68349,1276393,4 Prospect Street,Blacktown,2148,NSW,-33.779274,150.895726,house,556,1,1,4,true
4162826,1288320,9 Lyte Place,Prospect,2148,NSW,-33.796642,150.916120,house,604,2,2,2,true
1032916,1346246,24/2 Bruce Street,Blacktown,2148,NSW,-33.770127,150.916067,unit,,1,1,1,false
2872414,1353201,22 Merlin Street,Blacktown,2148,NSW,-33.787216,150.907245,house,581,1,1,2,true
4088407,1356947,10 Fursorb Street,Marayong,2148,NSW,-33.750874,150.895034,house,556,2,2,3,true
1850470,1365434,63 Nairana Drive,Marayong,2148,NSW,-33.743826,150.893941,house,,3,3,2,true
4159020,1389242,7 Marcus Street,Kings Park,2148,NSW,-33.739098,150.903760,house,576,2,2,1,true
2920698,1393123,16 Old Church Lane,Prospect,2148,NSW,-33.795115,150.920123,house,548,2,2,2,true
3847699,1408082,6/8E Myrtle Street,Prospect,2148,NSW,-33.796040,150.905930,house,,2,2,2,false
4149916,1433061,128 Madagascar Drive,Kings Park,2148,NSW,-33.737620,150.907550,house,557,1,1,1,false
4106284,1440179,1 Boys Avenue,Blacktown,2148,NSW,-33.766815,150.909560,unknown,,0,0,0,false
4123392,1461493,74/5 Griffiths Street,Blacktown,2148,NSW,-33.773685,150.916180,unit,,1,1,1,false
3465530,1490333,40 Newton Road,Blacktown,2148,NSW,-33.773234,150.903091,house,730,1,1,2,false
2126419,1496913,8 Andre Place,Blacktown,2148,NSW,-33.793938,150.900040,house,450,3,3,2,true
2651318,1501117,75A Newton Rd,Blacktown,2148,NSW,-33.776250,150.902420,house,656,1,1,2,true
4171434,1524085,15/60 Patricia Street,Blacktown,2148,NSW,-33.794426,150.902540,unit,,1,1,2,true
3085015,1568033,3 Walters Road,Blacktown,2148,NSW,-33.770546,150.896970,house,,1,1,3,true
1828729,1569208,10 Sutton Street,Blacktown,2148,NSW,-33.780478,150.913015,house,566,1,1,1,true
68295,1812662,64/21-29 Third Avenue,Blacktown,2148,NSW,-33.765008,150.910125,unit,,1,1,1,false
4108691,1889005,12 Sparkle Avenue,Blacktown,2148,NSW,-33.780823,150.890720,house,,1,1,2,false
2270428,2016748,7/25-27 FOURTH    AVENUE,Blacktown,2148,NSW,-33.763850,150.910260,unit,,1,1,2,false
2952529,2125532,19/1 Myrtle Street,Prospect,2148,NSW,-33.794530,150.905260,unit,,2,1,1,true
68462,2132476,62 Western Crescent,Blacktown,2148,NSW,-33.780318,150.898674,house,609,1,1,3,true
3964096,2150074,6 Nerada Street,Blacktown,2148,NSW,-33.773968,150.897170,house,554,2,2,1,false
3964120,2154371,4 Mary Street,Blacktown,2148,NSW,-33.759357,150.893590,house,556,1,1,2,false
3340471,2243679,79 Joseph Street,Blacktown,2148,NSW,-33.784364,150.902796,house,,2,2,1,true
974895,2244668,44 Derwent Parade,Blacktown,2148,NSW,-33.778294,150.889470,house,1252,4,2,1,true
68513,2244708,7/272 Flushcombe Road,Blacktown,2148,NSW,-33.788410,150.906500,unit,,2,2,1,true
1663418,2277922,115 Davis Road,Marayong,2148,NSW,-33.747992,150.897806,house,778,1,1,1,false
591706,2390269,45 Duckmallois Ave,Blacktown,2148,NSW,-33.783071,150.909404,house,561,1,1,1,false
2993854,2405190,23 Essence Glade,Blacktown,2148,NSW,-33.759310,150.900150,unit,,1,1,1,true
446435,2421404,4 Gardenset Grove,Blacktown,2148,NSW,-33.793095,150.900020,house,516,2,2,2,false
2313933,2445274,15 Quakers Road,Marayong,2148,NSW,-33.746112,150.897535,house,708,1,1,0,false
4072494,2448875,2/18 Sydney Street,Blacktown,2148,NSW,-33.768574,150.918530,unit,,1,1,1,true
124450,2534152,11 Junee Street,Marayong,2148,NSW,-33.751602,150.889455,house,,2,2,2,false
1828730,2604643,103/1 Griffiths Street,Blacktown,2148,NSW,-33.773620,150.915570,unit,,1,1,1,true
2021528,2702394,81B Newton Road,Blacktown,2148,NSW,-33.772546,150.898670,unit,,2,2,1,true
2296190,2738857,17 Kent Street,Blacktown,2148,NSW,-33.764202,150.899780,house,,1,1,2,false
68542,2768117,37/16 Oxford Street,Blacktown,2148,NSW,-33.769436,150.913702,unit,,2,2,1,true
222474,2771052,50 Witney Street,Prospect,2148,NSW,-33.791294,150.907520,house,,3,3,2,false
4147624,2797324,10 Wattle Street,Blacktown,2148,NSW,-33.766144,150.889050,house,562,2,2,3,true
2584646,2798182,15 Tyne Place,Prospect,2148,NSW,-33.800320,150.907541,house,668,2,2,2,true
1233297,2798247,6 Burrell Parade,Blacktown,2148,NSW,-33.778950,150.888380,house,550,1,1,1,false
124447,2798915,7 Arjez Place,Marayong,2148,NSW,-33.746608,150.894915,house,562,2,2,1,true
68424,2829060,33 Allen Road,Blacktown,2148,NSW,-33.754462,150.919256,house,,2,2,2,false
305419,2880217,13/3 Bruce Street,Blacktown,2148,NSW,-33.769464,150.916039,unit,,2,2,1,true
2985529,2918597,3/1A Paula Street,Marayong,2148,NSW,-33.755980,150.892960,unit,,2,2,1,false
1941346,2971442,44 Duckmallois Avenue,Blacktown,2148,NSW,-33.781603,150.909378,house,569,1,1,5,true
3355720,2983163,7 Bromfield Avenue,Prospect,2148,NSW,-33.796226,150.923714,house,417,1,1,1,true
4072496,2983707,37 Wilga Street,Blacktown,2148,NSW,-33.779020,150.886100,house,,2,2,1,false
1568828,3032525,29 McClean Street,Blacktown,2148,NSW,-33.760021,150.886612,house,663,2,2,2,true
1352561,3043492,12/9-13 Griffiths Street,Blacktown,2148,NSW,-33.772658,150.915743,unit,170,2,2,1,true
222506,3048253,84 Aldgate Street,Prospect,2148,NSW,-33.797684,150.918840,house,607,3,3,4,true
4106470,3069106,25 Teagan Place,Blacktown,2148,NSW,-33.783745,150.892970,unit,,2,2,2,true
222459,3071040,20 Bromfield Avenue,Prospect,2148,NSW,-33.797076,150.924326,house,1031,2,2,4,true
754117,3082096,22 Jones Street,Blacktown,2148,NSW,-33.783006,150.911341,house,556,2,2,4,true
68301,3113659,51 Burdett Crescent,Blacktown,2148,NSW,-33.767998,150.889980,house,,3,3,2,false
222508,3144991,24 Watch House Road,Prospect,2148,NSW,-33.806910,150.914400,other,4794,1,1,1,false
1461780,3160313,18 Ridgemont Place,Kings Park,2148,NSW,-33.738937,150.909640,house,730,2,2,2,true
68276,3167563,40 Anthony Street,Blacktown,2148,NSW,-33.750648,150.920736,house,1043,3,3,3,true
4092489,3168308,17 Love St,Blacktown,2148,NSW,-33.758290,150.890642,house,752,1,1,1,false
124438,3228071,4 Caratel Crescent,Marayong,2148,NSW,-33.746581,150.885071,house,,1,1,1,true
2926974,3238372,3 Quakers Road,Marayong,2148,NSW,-33.745944,150.899260,house,910,3,3,0,true
222496,3277447,205/8B Myrtle Street,Prospect,2148,NSW,-33.796040,150.905930,unit,,1,1,1,true
1140656,3318829,19 Eggleton Street,Blacktown,2148,NSW,-33.748739,150.920489,house,889,2,2,4,true
305431,3356093,19 Kerry Road,Blacktown,2148,NSW,-33.770563,150.888129,house,,3,3,3,true
4160876,3372193,190 Bungarribee Road,Blacktown,2148,NSW,-33.776750,150.900050,house,556,1,1,2,false
710844,3480874,10 Wilga Street,Blacktown,2148,NSW,-33.779150,150.883546,house,,2,2,2,false
657857,3523223,32 Farmingdale Drive,Blacktown,2148,NSW,-33.792071,150.899994,house,505,3,3,4,false
1054544,3551605,27/39 Patricia Street,Blacktown,2148,NSW,-33.793624,150.904127,unit,,1,1,1,false
4091708,3627421,13/45 Bungarribee Road,Blacktown,2148,NSW,-33.777641,150.918391,unit,,2,2,1,true
68496,3703498,15 Stableford Street,Blacktown,2148,NSW,-33.757825,150.903428,house,,2,2,1,true
2321864,3752751,72 Joseph Street,Blacktown,2148,NSW,-33.784275,150.902193,house,,1,1,3,true
3527704,3774894,118 Crudge Road,Marayong,2148,NSW,-33.754035,150.899953,house,,1,1,3,false
3084946,3809686,42/5 Griffiths Street,Blacktown,2148,NSW,-33.773685,150.916180,unit,,1,1,1,true
1536172,3810857,9/41 Doonside Crescent,Blacktown,2148,NSW,-33.765102,150.891500,unit,,2,2,2,true
68429,3824610,83 Doonside Crescent,Blacktown,2148,NSW,-33.764449,150.887302,house,,2,2,2,false
1326497,3859570,4/43 Lyton Street,Blacktown,2148,NSW,-33.761491,150.894215,unit,,2,2,1,true
4163610,3872709,23 Templar Street,Blacktown,2148,NSW,-33.787770,150.915420,house,556,1,1,1,true
4091722,3934228,69 Putters Circuit,Blacktown,2148,NSW,-33.760987,150.899933,unit,,2,2,4,true
68447,3970365,6/11-13 Fourth Ave,Blacktown,2148,NSW,-33.764249,150.911832,unit,,2,2,1,true
4162827,3979418,7 Lombard Place,Prospect,2148,NSW,-33.797880,150.922710,house,660,2,2,2,true
502843,4005067,2 Hadrian Avenue,Blacktown,2148,NSW,-33.787143,150.917824,house,556,2,2,1,true
3664642,4152195,69 Sarsfield Street,Blacktown,2148,NSW,-33.762688,150.916347,house,556,3,3,1,true
3664602,4167314,19 Roger Place,Blacktown,2148,NSW,-33.784492,150.922820,house,613,1,1,2,true
502922,4182060,70/31 Third Ave,Blacktown,2148,NSW,-33.764827,150.909346,unit,,2,2,1,true
1298822,4242027,31 Western Crescent,Blacktown,2148,NSW,-33.781003,150.898284,house,,1,1,1,true
4098156,4242467,1 Canton Street,Kings Park,2148,NSW,-33.739720,150.904401,house,600,1,1,1,true
68342,4294592,46/29-33 Kildare Road,Blacktown,2148,NSW,-33.768360,150.903580,unit,,1,1,1,false
4111625,4309080,172 Blacktown road,Blacktown,2148,NSW,-33.786106,150.920530,house,,1,1,2,false
68534,4310231,150 Reservoir Rd,Blacktown,2148,NSW,-33.790510,150.897700,land,1774,0,0,0,true
2296192,4335946,175B Flushcombe Road,Blacktown,2148,NSW,-33.779990,150.906740,unit,,3,3,2,true
68258,4365429,29 Kurrajong Crescent,Blacktown,2148,NSW,-33.787910,150.901120,house,553,2,2,2,false
222486,4365992,301/8C Myrtle Street,Prospect,2148,NSW,-33.796040,150.905930,unit,,2,2,1,true
2774597,4403778,7 Gibbons Place,Marayong,2148,NSW,-33.751710,150.896500,house,651,1,1,1,false
4111603,4412542,19 Bellevue Street,Blacktown,2148,NSW,-33.779102,150.892530,house,582,2,2,1,true
2121591,4445288,112 Quakers Road,Marayong,2148,NSW,-33.742387,150.889031,house,577,1,1,1,true
2344332,4446503,29 Marion Street,Blacktown,2148,NSW,-33.775902,150.911173,house,,2,2,1,false
4012354,4447956,6/16 Patricia Street,Blacktown,2148,NSW,-33.791748,150.902920,unit,,2,2,0,false
3929435,4477700,10 Mariko Place,Blacktown,2148,NSW,-33.787106,150.885060,house,,1,1,2,false
2530021,4485148,25 Dagmar Crescent,Blacktown,2148,NSW,-33.776888,150.897610,house,599,2,2,1,true
1507622,4554772,10 Quakers Road,Marayong,2148,NSW,-33.746530,150.898540,house,531,1,1,0,true
3303490,4615914,5/211 Stephen Street,Blacktown,2148,NSW,-33.768323,150.919015,unit,227,2,2,2,true
68320,4617144,1302/1 Boys Avenue,Blacktown,2148,NSW,-33.767615,150.909099,unit,,2,2,1,true
4092480,4656788,13 Eggleton Street,Blacktown,2148,NSW,-33.748657,150.919723,house,562,1,1,3,true
68387,4681211,29 Mort Street,Blacktown,2148,NSW,-33.760823,150.919105,house,556,2,2,0,true
338363,4740921,19 Chester Street,Blacktown,2148,NSW,-33.767355,150.894891,house,,2,2,2,true
1852671,4807670,51/45 BUNGARRIBEE ROAD,Blacktown,2148,NSW,-33.777640,150.918400,unit,,2,2,1,true
1458240,4824791,3/59-61 Balmoral Street,Blacktown,2148,NSW,-33.776250,150.902420,unit,,2,2,2,true
68334,4911061,23/307 Flushcombe Road,Blacktown,2148,NSW,-33.793624,150.904102,unit,,2,2,1,true
1428932,4951891,5/130 Aliberti Drive,Blacktown,2148,NSW,-33.788679,150.889375,unit,,3,3,2,true
68354,4952265,137A Kildare Road,Blacktown,2148,NSW,-33.768784,150.892150,house,,3,3,2,false
2993837,5021174,51 Dina Beth Avenue,Blacktown,2148,NSW,-33.773690,150.885960,house,,1,1,0,true
68394,5078260,76 Western Crescent,Blacktown,2148,NSW,-33.780506,150.900040,house,,3,3,1,false
1088934,5106418,9 De Castella Drive,Blacktown,2148,NSW,-33.781430,150.880410,house,403,1,1,2,true
1188608,5112022,69 PENDANT AVENUE,Blacktown,2148,NSW,-33.785206,150.913835,house,613,2,2,2,true
1140716,5160518,315 Bungarribee Rd,Blacktown,2148,NSW,-33.774071,150.884183,house,552,1,1,3,true
68437,5223600,7/26 West Street,Blacktown,2148,NSW,-33.779880,150.908000,house,,2,2,1,false
68449,5249925,15/11-13 FOURTH AVENUE,Blacktown,2148,NSW,-33.764248,150.911830,unit,,2,2,1,true
222490,5262879,10/1 Myrtle Street,Prospect,2148,NSW,-33.794528,150.905258,unit,,1,1,1,true
124443,5292981,217 Richmond Road,Marayong,2148,NSW,-33.752058,150.887717,house,,1,1,2,true
912509,5296295,1205/1 Boys Avenue,Blacktown,2148,NSW,-33.766815,150.909560,unit,,2,2,1,true
409380,5296595,2303/1 Boys Avenue,Blacktown,2148,NSW,-33.766815,150.909550,unit,,2,2,1,true
1121352,5301480,12 Old Church Lane,Prospect,2148,NSW,-33.794946,150.920291,house,339,3,3,2,true
2676719,5317133,8 Heber Place,Prospect,2148,NSW,-33.800022,150.914900,house,,2,2,2,false
2706508,5331650,34 Bridge View Street,Blacktown,2148,NSW,-33.788371,150.905594,house,638,1,1,1,true
124444,5337809,45 Noel Street,Marayong,2148,NSW,-33.758150,150.899120,house,,2,2,2,false
535888,5341234,22 Andaman Street,Kings Park,2148,NSW,-33.738632,150.905387,house,557,1,1,1,true
4108694,5348230,11 Maree Place,Blacktown,2148,NSW,-33.754967,150.889400,house,,1,1,2,true
124457,5349894,2 Davis Road,Marayong,2148,NSW,-33.757741,150.895934,house,,1,1,1,true
2296191,5363156,24/162 Walters Road,Blacktown,2148,NSW,-33.785847,150.890720,unit,,2,2,2,false
2234358,5363191,32/5 Griffiths Street,Blacktown,2148,NSW,-33.773685,150.916180,unit,,1,1,1,false
2598763,5418886,73 Lock Street,Blacktown,2148,NSW,-33.784424,150.913540,house,,1,1,0,true
68390,5419448,187 Kildare Road,Blacktown,2148,NSW,-33.767290,150.887590,house,,1,1,1,false
2598765,5426035,5 Julie Street,Blacktown,2148,NSW,-33.785637,150.905663,house,556,1,1,1,true
1852681,5470317,2/56 IRELANDS ROAD,Blacktown,2148,NSW,-33.763897,150.886570,unit,201,2,2,1,true
68267,5500348,129 Stephen Street,Blacktown,2148,NSW,-33.763121,150.920010,house,1012,3,1,0,true
3900713,5537416,53/130 Reservoir Road,Blacktown,2148,NSW,-33.788320,150.897420,unit,,2,2,1,false
68326,5577659,273 Bungarribee Road,Blacktown,2148,NSW,-33.774599,150.888427,house,,1,1,2,true
4124379,5577826,75/130 Main Street,Blacktown,2148,NSW,-33.771908,150.911000,unit,,2,2,2,false
68294,5608293,23 Brickfield Place,Blacktown,2148,NSW,-33.780293,150.915620,house,,1,1,1,false
2043060,5648642,8 Frederick Street,Blacktown,2148,NSW,-33.752693,150.918526,house,1094,1,1,3,true
124460,5656706,56 Terrigal Street,Marayong,2148,NSW,-33.746203,150.884340,house,557,1,1,2,false
502920,5774089,7 West Street,Blacktown,2148,NSW,-33.779706,150.909471,house,556,2,2,4,true
2763658,5804281,10 Hollydale Place,Prospect,2148,NSW,-33.794456,150.919600,house,560,2,2,4,true
222487,5816643,204 8D Myrtle Street,Prospect,2148,NSW,-33.794876,150.911040,unit,,1,1,1,true
1941343,5848687,57/177 Reservoir Rd,Blacktown,2148,NSW,-33.796900,150.898570,unit,,1,1,2,true
1032914,5886681,9 Anthony Street,Blacktown,2148,NSW,-33.749578,150.917312,house,,2,2,2,false
124449,5891800,12 Curran Road,Marayong,2148,NSW,-33.753617,150.891686,house,,1,1,1,false
2598791,5961015,4 Ashgrove Crescent,Blacktown,2148,NSW,-33.789941,150.902613,house,550,1,1,4,true
4100794,5967152,7/8E Myrtle Street,Prospect,2148,NSW,-33.796040,150.905930,unit,,2,2,2,true
4092875,5991580,109 Wall Park Avenue,Blacktown,2148,NSW,-33.775489,150.920684,house,600,2,2,2,true
68360,6007866,9 Irelands Road,Blacktown,2148,NSW,-33.763990,150.891720,house,1012,1,1,1,true
4092218,6024348,25 Allen Road,Blacktown,2148,NSW,-33.754555,150.919877,house,600,1,1,1,true
68248,6052735,2/21-29 Third Avenue,Blacktown,2148,NSW,-33.765008,150.910125,unit,,1,1,1,true
338387,6065105,49 Tallawong Avenue,Blacktown,2148,NSW,-33.780418,150.882527,house,645,3,2,3,true
4155026,6068993,5 Tagu Place,Kings Park,2148,NSW,-33.741257,150.917000,house,,3,3,2,true
68319,6076599,7/16 Filey Street,Blacktown,2148,NSW,-33.790190,150.906781,unit,204,1,1,2,true
68487,6091156,27 Lyton Street,Blacktown,2148,NSW,-33.760371,150.894222,house,562,1,1,1,false
3531494,6100354,3 Walters Rd,Blacktown,2148,NSW,-33.770545,150.896977,house,,1,1,3,true
3929434,6159604,14/1 Boyd Street,Blacktown,2148,NSW,-33.771461,150.915876,unit,99,1,1,1,true
3927137,6170647,67 Daraya Rd,Marayong,2148,NSW,-33.750530,150.892070,house,658,3,3,2,false
1456723,6199710,14 Noora Place,Marayong,2148,NSW,-33.739963,150.897015,house,,2,2,2,false
3303488,6233226,101 Frederick Street,Blacktown,2148,NSW,-33.753096,150.926836,house,626,1,1,1,true
1003057,6248421,15 Noel Street,Marayong,2148,NSW,-33.756096,150.899512,house,556,1,1,4,true
222473,6270540,302/8C Myrtle Street,Prospect,2148,NSW,-33.796041,150.905935,unit,,2,2,1,true
4155139,6279378,1/79 Orwell Street,Blacktown,2148,NSW,-33.792156,150.902160,unit,,2,2,1,true
1970891,6294385,3 Pollack Street,Blacktown,2148,NSW,-33.781814,150.896398,house,556,1,1,0,false
1428974,6338971,701/1 Boys Avenue,Blacktown,2148,NSW,-33.766815,150.909560,unit,,2,2,1,true
974896,6351377,19 Shirley Street,Blacktown,2148,NSW,-33.768930,150.917442,house,556,2,2,4,false
305432,6357808,25A Tudor Avenue,Blacktown,2148,NSW,-33.783578,150.918630,house,,2,2,2,true
1088935,6374503,73 Aliberti Drive,Blacktown,2148,NSW,-33.787308,150.887256,house,450,2,2,2,true
4092213,6394081,5 Anthony Street,Blacktown,2148,NSW,-33.749537,150.916960,house,696,2,2,4,true
2088578,6452233,32/7 Griffiths Street,Blacktown,2148,NSW,-33.773111,150.916262,unit,,1,1,1,true
1618274,6472364,7 Kastelan Street,Blacktown,2148,NSW,-33.775569,150.888600,house,556,1,1,2,true
3962080,6478394,5 Mossfield Lane,Marayong,2148,NSW,-33.750610,150.892720,house,,2,2,2,false
4166571,6534564,35/130 Reservoir Road,Blacktown,2148,NSW,-33.788320,150.897420,unit,,1,1,2,false
2610519,6539161,16 Upwey Street,Prospect,2148,NSW,-33.792897,150.905775,house,636,1,1,1,true
222465,6577719,4/8G Myrtle street,Prospect,2148,NSW,-33.796040,150.905930,unit,,3,3,2,true
68286,6617551,6 Craiglea Street,Blacktown,2148,NSW,-33.776750,150.913843,house,,2,2,2,false
3554787,6619488,14 Old Church Lane,Prospect,2148,NSW,-33.795009,150.920172,house,452,3,3,2,true
68296,6650244,16 Nicholas Street,Blacktown,2148,NSW,-33.778883,150.903282,house,607,2,2,4,true
68260,6687897,17 Dagmar Crescent,Blacktown,2148,NSW,-33.776800,150.896961,house,588,1,1,1,true
4072493,6693039,7/19-21 Balmoral Street,Blacktown,2148,NSW,-33.771366,150.902940,unit,,1,1,1,true
68530,6743960,304/12 Fourth Avenue,Blacktown,2148,NSW,-33.765512,150.911331,unit,,2,2,1,true
1298799,6778167,2002/1 Boys Avenue,Blacktown,2148,NSW,-33.766815,150.909560,unit,,2,2,1,true
4108693,6780031,27/2 FIFTH AVENUE,Blacktown,2148,NSW,-33.763916,150.912500,unit,,1,1,1,false
2488830,6897100,9 Essex Street,Blacktown,2148,NSW,-33.764725,150.894580,house,,2,2,2,false
68251,6915689,6 Ironbark Crescent,Blacktown,2148,NSW,-33.783549,150.887682,house,525,1,1,2,true
68375,6964631,12 Bimbil Street,Blacktown,2148,NSW,-33.766839,150.891721,house,,2,2,1,false
1692247,6977271,4 Cansdale Street,Blacktown,2148,NSW,-33.779823,150.882830,house,727,1,1,1,true
4106286,6983151,30 Douglas Road,Blacktown,2148,NSW,-33.782190,150.889061,house,692,2,2,3,false
3964106,6984285,"31/14-18 Fourth Avenue,",Blacktown,2148,NSW,-33.764640,150.910770,unit,,1,1,1,true
68312,7003002,10 Warrigal Street,Blacktown,2148,NSW,-33.756492,150.891393,house,613,2,2,2,true
68556,7022201,12/29-33 Kildare Rd,Blacktown,2148,NSW,-33.768360,150.903580,unit,,2,2,1,true
68335,7022830,75A/177A Reservoir Rd,Blacktown,2148,NSW,-33.797414,150.899928,unit,,2,2,2,true
3465597,7028457,61 Bungarribee Road,Blacktown,2148,NSW,-33.778214,150.915770,other,,1,1,0,true
68273,7035105,27 Farmingdale Drive,Blacktown,2148,NSW,-33.792738,150.900003,house,,3,3,3,true
3699360,7044409,78 Terrigal Street,Marayong,2148,NSW,-33.745278,150.882903,house,562,2,2,1,false
1140658,7106495,1B Oregon Street,Blacktown,2148,NSW,-33.766905,150.890467,house,574,3,1,1,true
361230,7107415,37 Stanley Street,Blacktown,2148,NSW,-33.786034,150.909788,house,556,2,2,2,true
68467,7142142,43 Irelands Road,Blacktown,2148,NSW,-33.763440,150.887860,house,,2,2,2,false
4069672,7179332,28 Blackett Street,Kings Park,2148,NSW,-33.739113,150.900404,house,695,2,2,3,false
1997426,7192497,30/39 Patricia Street,Blacktown,2148,NSW,-33.793624,150.904127,unit,,1,1,1,true
68318,7205842,17 Becharry Road,Blacktown,2148,NSW,-33.759001,150.888124,house,440,1,1,1,true
68471,7241006,55 Doonside Crescent,Blacktown,2148,NSW,-33.764870,150.890000,land,,0,0,0,true
3829385,7247484,2/41 St Martins Crescent,Blacktown,2148,NSW,-33.781083,150.916418,unit,,1,1,2,true
68311,7279105,8 Huegill Way,Blacktown,2148,NSW,-33.782346,150.883957,house,,2,2,2,true
305418,7285773,3 Allen Road,Blacktown,2148,NSW,-33.754950,150.921716,house,588,2,2,2,true
222481,7288943,35 Heath Street,Prospect,2148,NSW,-33.792726,150.908306,house,,2,2,2,true
68509,7290510,141 Walters Road,Blacktown,2148,NSW,-33.784861,150.893743,house,,2,2,6,true
305552,7291564,15 Jones Street,Blacktown,2148,NSW,-33.782657,150.911680,house,575,1,1,2,false
2488834,7298571,3 Allay Street,Blacktown,2148,NSW,-33.757057,150.889830,house,559,1,1,2,true
1352562,7308300,25/45 Bungarribee Road,Blacktown,2148,NSW,-33.777640,150.918400,unit,,2,2,1,true
222458,7317452,206/8C Myrtle Street,Prospect,2148,NSW,-33.796041,150.905935,unit,,1,1,1,true
124436,7321602,7/37 SHEDWORTH STREET,Marayong,2148,NSW,-33.743424,150.895686,unit,,3,3,3,false
3504631,7328704,19 Maloney Street,Blacktown,2148,NSW,-33.776830,150.889400,house,556,1,1,2,true
974894,7354905,14 Garden Street,Blacktown,2148,NSW,-33.752313,150.922172,house,462,3,3,2,true
68430,7354971,35 Swinson Road,Blacktown,2148,NSW,-33.776279,150.906048,house,854,2,2,1,false
2624426,7367551,12/2 BRUCE STREET,Blacktown,2148,NSW,-33.770126,150.916060,unit,,2,2,1,true
68560,7443971,8/26 West Street,Blacktown,2148,NSW,-33.779880,150.908000,house,,3,3,2,false
4147623,7467187,18 Highlands Crescent,Blacktown,2148,NSW,-33.774296,150.892270,house,581,1,1,2,true
1054547,7483232,4 Maud Street,Blacktown,2148,NSW,-33.786860,150.909270,house,556,2,2,1,false
1054571,7528672,22 Anne St,Blacktown,2148,NSW,-33.780163,150.896670,house,556,1,1,2,false
222460,7594818,3 Shaw Place,Prospect,2148,NSW,-33.798356,150.908132,house,600,1,1,1,true
68358,7608396,16/1 Boyd Street,Blacktown,2148,NSW,-33.771461,150.915876,unit,,1,1,1,true
4126266,7616697,29 Panorama Parade,Blacktown,2148,NSW,-33.777539,150.914772,house,569,4,4,2,true
864184,7643092,25 Hampton Crescent,Prospect,2148,NSW,-33.800762,150.915713,house,557,2,2,2,true
4150262,7653049,16 Eggleton Street,Blacktown,2148,NSW,-33.749165,150.919720,house,575,2,2,1,true
68489,7736605,42 Kerry Road,Blacktown,2148,NSW,-33.770808,150.886170,house,607,2,2,4,true
3762039,7794686,10/175 Reservoir Road,Blacktown,2148,NSW,-33.798350,150.899340,house,304,1,1,1,true
816333,7814570,3/25-27 Fourth Ave,Blacktown,2148,NSW,-33.763852,150.910260,unit,,1,1,1,true
28727,7846208,3 Lana Close,Kings Park,2148,NSW,-33.739877,150.908244,house,,2,2,2,true
68483,7849858,37/26 Clifton St,Blacktown,2148,NSW,-33.768600,150.913842,unit,,2,2,1,true
3084945,7860924,12 Hadrian Avenue,Blacktown,2148,NSW,-33.787808,150.917339,house,556,3,3,2,true
3202727,7861607,38 Highpoint Drive,Blacktown,2148,NSW,-33.790894,150.894790,unit,,2,2,1,true
28724,7866709,2/53 Cobham Street,Kings Park,2148,NSW,-33.741886,150.902220,unit,,1,1,1,true
338364,7930139,3/7 Boyd Street,Blacktown,2148,NSW,-33.770569,150.915980,unit,77,1,1,1,true
124433,7931937,77  Osborne Road,Marayong,2148,NSW,-33.751288,150.891240,house,,1,1,3,false
68461,7941230,76 Lancaster Street,Blacktown,2148,NSW,-33.773964,150.891270,house,,2,2,2,false
1458197,7970226,29/26 Clifton Street,Blacktown,2148,NSW,-33.768600,150.913842,unit,119,2,2,1,true
4155547,7993796,3 Heber Place,Prospect,2148,NSW,-33.799420,150.914720,house,,3,3,2,false
1188589,8037168,15 Braddon Street,Blacktown,2148,NSW,-33.780379,150.887998,house,752,1,1,1,true
68417,8105863,12 Birnam Avenue,Blacktown,2148,NSW,-33.768932,150.884649,house,,1,1,2,false
1164238,8266770,4/28 Patrick Street,Blacktown,2148,NSW,-33.771690,150.906300,unit,,2,2,1,true
326889,8276658,94 Crudge Road,Marayong,2148,NSW,-33.753765,150.897600,house,695,1,1,0,false
1456722,8283171,139 Richmond Road,Marayong,2148,NSW,-33.756960,150.894346,house,689,1,1,0,false
1140659,8315504,37/39 Patricia St,Blacktown,2148,NSW,-33.793624,150.904127,unit,,1,1,1,true
124452,8322510,6A Osborne Road,Marayong,2148,NSW,-33.755334,150.895627,house,,1,1,1,false
3504628,8339289,4 Ironbark Crescent,Blacktown,2148,NSW,-33.783471,150.887549,house,522,1,1,1,true
1166859,8405433,237 Madagascar Drive,Kings Park,2148,NSW,-33.742095,150.913111,house,,1,1,2,true
68422,8414629,7/130 Aliberti Drive,Blacktown,2148,NSW,-33.788679,150.889375,unit,,3,3,2,true
2121595,8460433,33 Daraya Road,Marayong,2148,NSW,-33.752221,150.894273,house,733,3,3,1,true
68381,8463530,57A Balmoral Street,Blacktown,2148,NSW,-33.775571,150.901067,house,989,2,2,2,true
4135641,8464063,36/8-18 Wallace Street,Blacktown,2148,NSW,-33.768665,150.913032,unit,,2,2,1,true
4072500,8472701,12/9 Wallace Street,Blacktown,2148,NSW,-33.769253,150.913530,unit,,1,1,1,true
28723,8482135,1 Kauai Place,Kings Park,2148,NSW,-33.742233,150.911124,house,559,1,1,1,true
3286665,8483868,4 Curtis Place,Kings Park,2148,NSW,-33.739147,150.906620,house,557,1,1,1,true
3724603,8494499,31 Clifton Street,Blacktown,2148,NSW,-33.768030,150.913766,house,526,1,1,1,true
28722,8503832,72 Madagascar Drive,Kings Park,2148,NSW,-33.738937,150.902040,house,561,4,2,1,true
2234355,8555681,22 Malcolm Street,Blacktown,2148,NSW,-33.782282,150.911139,house,619,1,1,2,true
68252,8573802,16 Glamorgan Street,Blacktown,2148,NSW,-33.785615,150.909207,house,556,2,2,1,true
68490,8591472,38 Greenbank Drive,Blacktown,2148,NSW,-33.759615,150.901147,house,308,4,2,4,true
2426739,8614399,45 Donohue Street,Kings Park,2148,NSW,-33.737570,150.901720,house,578,1,1,1,true
546119,8647492,9/175 Reservoir Road,Blacktown,2148,NSW,-33.798350,150.899339,unit,,1,1,1,true
2751700,8715587,25 Kerry Road,Blacktown,2148,NSW,-33.770498,150.887642,house,607,2,2,2,true
1778398,8716110,63/130 Main Street,Blacktown,2148,NSW,-33.771909,150.911003,unit,,2,2,2,true
1805516,8717333,92 Valda Street,Blacktown,2148,NSW,-33.780914,150.903810,house,676,1,1,2,true
68392,8730520,66 Sackville Street,Blacktown,2148,NSW,-33.764202,150.914110,house,740,4,4,2,false
1801192,8766729,20 Palona Street,Marayong,2148,NSW,-33.742901,150.892363,house,622,1,1,2,false
3340450,8770086,6/22 Lancaster Street,Blacktown,2148,NSW,-33.769676,150.891820,unit,,1,1,1,true
1997408,8783579,7 Leslie Street,Blacktown,2148,NSW,-33.781254,150.890270,house,,1,1,2,true
2147002,8783828,2 Bridge View Street,Blacktown,2148,NSW,-33.788071,150.902936,house,569,1,1,3,true
305429,8822429,10/8-10 Fifth Avenue,Blacktown,2148,NSW,-33.763737,150.911940,unit,,2,1,1,true
4069092,8825379,24 Forrestwood Place,Prospect,2148,NSW,-33.797338,150.910310,house,,1,1,1,true
68411,8871889,20 Love Street,Blacktown,2148,NSW,-33.757007,150.890255,house,562,1,1,2,true
1778419,8884564,11/21-29 Third Avenue,Blacktown,2148,NSW,-33.765007,150.910130,unit,,2,2,1,true
2234385,8900333,5 Hilltop Avenue,Blacktown,2148,NSW,-33.777874,150.893140,house,528,4,2,3,true
1054556,8950121,37A/177A Reservoir Road,Blacktown,2148,NSW,-33.797413,150.899930,unit,,3,3,1,true
4127806,8984853,22 The Crescent,Marayong,2148,NSW,-33.744938,150.897740,house,565,1,1,1,true
1874642,9009152,6 Marana Street,Blacktown,2148,NSW,-33.782783,150.905846,house,556,2,2,1,true
4131285,9019831,58 Nairana Drive,Marayong,2148,NSW,-33.743744,150.893360,house,605,2,2,3,false
2082110,9029532,16  Bermuda Place,Kings Park,2148,NSW,-33.739965,150.905965,house,650,1,1,1,true
4092495,9034679,40 Dina Beth Avenue,Blacktown,2148,NSW,-33.774297,150.886606,house,246,3,3,2,false
2270386,9101487,3/86 Eggleton Street,Blacktown,2148,NSW,-33.752292,150.925739,unit,198,1,1,1,true
3531479,9109465,27 Mcculloch Road,Blacktown,2148,NSW,-33.762710,150.889999,house,,1,1,2,false
3099280,9130828,27 Donohue Street,Kings Park,2148,NSW,-33.737427,150.903870,house,550,1,1,2,true
68352,9135077,1/12 Dudley Avenue,Blacktown,2148,NSW,-33.768591,150.893924,house,,2,2,2,true
2258059,9170485,136 Donohue Street,Kings Park,2148,NSW,-33.736580,150.897930,house,517,2,2,2,true
1667209,9188263,32 Burrell Parade,Blacktown,2148,NSW,-33.778607,150.885265,house,,1,1,1,true
2598767,9252961,55  Balmoral Street,Blacktown,2148,NSW,-33.775442,150.901628,house,810,2,2,1,true
68383,9260755,19/16 Oxford Street,Blacktown,2148,NSW,-33.769436,150.913702,unit,,2,2,1,true
68439,9267873,1/5 Mantaka St,Blacktown,2148,NSW,-33.774587,150.919755,unit,,1,1,1,true
2438767,9427436,7/59-61 Balmoral Street,Blacktown,2148,NSW,-33.775814,150.901219,unit,179,2,2,1,true
4084943,9439349,9 Oaktree Grove,Prospect,2148,NSW,-33.795775,150.910584,house,489,1,1,1,true
2408178,9463479,30 Raymond Street,Blacktown,2148,NSW,-33.751787,150.920704,house,803,4,4,3,true
1109509,9501660,91 Kastelan Street,Blacktown,2148,NSW,-33.778236,150.888410,house,602,3,1,1,true
2598762,9585358,104/130 Reservoir Road,Blacktown,2148,NSW,-33.788320,150.897420,unit,,2,2,1,false
2706507,9594392,3 Theresa Street,Blacktown,2148,NSW,-33.781171,150.902578,house,556,2,2,4,true
68262,9644659,31 Filey Street,Blacktown,2148,NSW,-33.791054,150.906461,house,855,3,3,3,true
4092531,9654994,8 Cedar Place,Blacktown,2148,NSW,-33.784951,150.894682,house,,2,2,1,true
3115906,9655677,10 Bailey Place,Blacktown,2148,NSW,-33.755642,150.889620,house,626,2,2,2,true
4155141,9664052,33/173a Reservoir Road,Blacktown,2148,NSW,-33.795990,150.899340,unit,,1,1,1,true
2651333,9689412,72/31 Third Ave,Blacktown,2148,NSW,-33.764828,150.909350,unit,,2,2,1,true
2956381,9708370,58 Benalla Crescent,Marayong,2148,NSW,-33.745531,150.892907,house,565,2,2,1,false
68327,9751440,61 Walters Road,Blacktown,2148,NSW,-33.776656,150.895420,house,556,1,1,1,true
3724620,9755983,7a Jennifer Avenue,Blacktown,2148,NSW,-33.774464,150.889940,house,427,1,1,1,false
68322,9767037,21 Doonside Crescent,Blacktown,2148,NSW,-33.765738,150.894402,house,525,2,2,0,true
68407,9778471,1/70 Swinson Road,Blacktown,2148,NSW,-33.780067,150.906150,unit,318,2,2,2,true
1141710,9817304,73 Cobham Street,Kings Park,2148,NSW,-33.740527,150.902481,house,916,1,1,1,false
68506,9918723,10 ALLEN ROAD,Blacktown,2148,NSW,-33.755322,150.920566,house,,1,1,1,true
816347,10001351,89/21-29 Third Avenue,Blacktown,2148,NSW,-33.765008,150.910125,unit,,2,2,1,true
1937016,10026292,32 Oulton Street,Prospect,2148,NSW,-33.793921,150.908123,house,558,1,1,2,true
3084944,10026625,42/24 First Avenue,Blacktown,2148,NSW,-33.768005,150.909700,unit,,2,2,2,false
1997409,10055547,5 Sarsfield Street,Blacktown,2148,NSW,-33.767067,150.915530,house,878,3,3,1,true
4091714,10087428,28 Orwell Street,Blacktown,2148,NSW,-33.787315,150.902242,house,,1,1,1,true
1645342,10110677,12 Elanora Avenue,Blacktown,2148,NSW,-33.777380,150.902553,house,,2,2,1,false
1828747,10123169,62/130 Main Street,Blacktown,2148,NSW,-33.771908,150.911000,unit,,2,2,2,true
1617167,10139569,25 BLACKETT STREET,Kings Park,2148,NSW,-33.739263,150.900926,house,400,2,2,2,true
4163611,10156755,63 Eggleton Street,Blacktown,2148,NSW,-33.750730,150.924270,house,,2,2,1,true
2930383,10156773,49 Killarney Avenue,Blacktown,2148,NSW,-33.769770,150.888683,house,600,2,2,2,true
3013323,10158952,221 Richmond Road,Marayong,2148,NSW,-33.751865,150.887450,land,708,0,0,0,true
124458,10170724,13 Harrow Street,Marayong,2148,NSW,-33.751279,150.886742,house,,2,2,1,true
4086413,10266221,15 Hollydale Place,Prospect,2148,NSW,-33.794459,150.920362,house,707,2,2,2,true
2926975,10290547,42 Terrigal Street,Marayong,2148,NSW,-33.747015,150.885657,house,1012,2,2,5,true
4086353,10294213,33 Bromfield Avenue,Prospect,2148,NSW,-33.797732,150.925791,house,696,1,1,2,true
305417,10295745,14 Monash Road,Blacktown,2148,NSW,-33.772273,150.889613,house,607,1,1,4,true
68321,10302061,3 Finlay Street,Blacktown,2148,NSW,-33.783590,150.912746,house,556,1,1,1,false
3151373,10316789,223 Vardys Road,Blacktown,2148,NSW,-33.750277,150.924592,house,822,2,2,0,false
1326498,10343065,37/42 Patricia Street,Blacktown,2148,NSW,-33.793391,150.902338,house,,2,2,1,false
2321865,10349439,69 Harold Street,Blacktown,2148,NSW,-33.762623,150.917554,house,,2,2,1,true
1778403,10357394,1905/1 Boys Avenue,Blacktown,2148,NSW,-33.766815,150.909564,unit,,2,2,1,false
68308,10361988,2 Railway Parade,Blacktown,2148,NSW,-33.766482,150.893115,house,902,2,2,5,false
68292,10363948,21 Newman Street,Blacktown,2148,NSW,-33.775238,150.897616,house,765,2,2,2,true
1271390,10370170,54 Killarney Avenue,Blacktown,2148,NSW,-33.770358,150.889324,house,581,1,1,1,false
4092544,10370327,48 Kastelan Street,Blacktown,2148,NSW,-33.777678,150.887978,house,,1,1,1,false
3859755,10438280,7 Jennifer Avenue,Blacktown,2148,NSW,-33.774460,150.889720,house,323,1,1,1,true
868688,10438804,19 McClean Street,Blacktown,2148,NSW,-33.758447,150.886863,house,,1,1,3,true
816367,10470154,8 Ash St,Blacktown,2148,NSW,-33.767280,150.887970,other,189,1,1,1,true
1164257,10497876,45/13-19 Devitt Street,Blacktown,2148,NSW,-33.770924,150.915010,unit,,1,1,1,true
553273,10501383,30  Jill Street,Marayong,2148,NSW,-33.754665,150.891900,house,,2,2,3,true
28725,10510214,181 Madagascar Drive,Kings Park,2148,NSW,-33.738475,150.911142,house,,3,3,2,true
4148058,10521023,11 Mariko Place,Blacktown,2148,NSW,-33.786694,150.884690,house,,2,2,2,false
3327305,10524017,21 Myrtle Street,Prospect,2148,NSW,-33.795025,150.906880,house,558,2,2,1,true
734165,10538894,3/29 Norfolk Street,Blacktown,2148,NSW,-33.764890,150.897140,unit,,2,2,2,true
2488812,10543656,18 Blue Hills Crescent,Blacktown,2148,NSW,-33.771065,150.894470,house,,2,2,3,false
4107049,10556578,21B Arnott Road,Marayong,2148,NSW,-33.739243,150.895690,house,,1,1,1,true
68418,10582051,41A Matthew Crescent,Blacktown,2148,NSW,-33.779915,150.897890,house,,2,2,2,true
2744879,10589182,6 Vernon Street,Marayong,2148,NSW,-33.756620,150.898448,house,575,1,1,1,true
528730,10621694,25/177 Reservoir Road,Blacktown,2148,NSW,-33.796900,150.898580,unit,,1,1,1,true
1153625,10670582,29 Harrod Street,Prospect,2148,NSW,-33.797821,150.914003,house,558,1,1,1,true
68500,10699609,26 Tallawong Avenue,Blacktown,2148,NSW,-33.776500,150.884100,other,,3,3,2,true
3701420,10699615,19/12 Sinclair Avenue,Blacktown,2148,NSW,-33.781001,150.915648,unit,264,2,2,1,true
68368,10717501,3/12 Dudley Avenue,Blacktown,2148,NSW,-33.768591,150.893924,house,,2,2,2,true
68272,10717858,72a/177A Reservoir Road,Blacktown,2148,NSW,-33.797414,150.899928,unit,,2,2,3,true
3682604,10727085,8 Wake Place,Kings Park,2148,NSW,-33.740450,150.912300,house,,2,2,2,true
2438806,10747177,12 Alam Street,Blacktown,2148,NSW,-33.760693,150.895029,house,,1,1,1,false
2993803,10757604,50 Anthony Street,Blacktown,2148,NSW,-33.750781,150.921794,house,479,2,2,0,true
68364,10768099,"62 Tallawong Ave,",Blacktown,2148,NSW,-33.779209,150.882225,house,556,1,1,2,true
385850,10768513,26 West Street,Blacktown,2148,NSW,-33.779880,150.908000,house,,2,2,2,false
802156,10773239,251 Madagascar Drive,Kings Park,2148,NSW,-33.743195,150.914230,house,749,1,1,2,true
3014018,10783020,6/201 Stephen Street,Blacktown,2148,NSW,-33.767470,150.919169,unit,,1,1,1,true
68345,10784175,113 Killarney Avenue,Blacktown,2148,NSW,-33.773420,150.890900,house,,1,1,2,false
3267132,10805351,1/1 Boyd Street,Blacktown,2148,NSW,-33.771460,150.915880,unit,,1,1,1,true
3192570,10815547,20 Lombard Place,Prospect,2148,NSW,-33.796986,150.923450,house,,3,3,4,false
4158910,10833701,1b Bristol Circuit,Blacktown,2148,NSW,-33.786359,150.892896,house,481,1,1,1,true
2930382,10849343,27 Craiglea Street,Blacktown,2148,NSW,-33.777056,150.912340,house,556,1,1,1,true
4091644,10923466,302/1 Griffiths Street,Blacktown,2148,NSW,-33.773622,150.915568,unit,,1,1,1,false
525786,10928755,49 Crudge Road,Marayong,2148,NSW,-33.752340,150.896176,house,543,2,2,3,true
4108695,10937017,107 Stephen Street,Blacktown,2148,NSW,-33.761530,150.920270,house,746,1,1,1,true
68384,10976358,8 Monash Road,Blacktown,2148,NSW,-33.772340,150.890100,house,,1,1,5,true
3340452,10984197,34 Archer Street,Blacktown,2148,NSW,-33.784851,150.896489,house,556,1,1,1,true
1805518,10990833,33 Duckmallois Avenue,Blacktown,2148,NSW,-33.782178,150.909472,house,645,2,2,2,true
2438768,11020095,7/34-36 Carinya Street,Blacktown,2148,NSW,-33.772149,150.901969,unit,,2,2,2,true
3664603,11070046,2 Saxby Way,Blacktown,2148,NSW,-33.782420,150.881420,house,,1,1,1,true
4111592,11088649,38  Dagmar Crescent,Blacktown,2148,NSW,-33.778540,150.897190,house,558,1,1,0,false
4171433,11134884,8 Meela Street,Blacktown,2148,NSW,-33.776524,150.887660,house,556,1,1,2,true
68395,11139875,7 Valentine Street,Blacktown,2148,NSW,-33.783870,150.905481,house,,1,1,1,true
1054557,11150771,290 Bungarribee Road,Blacktown,2148,NSW,-33.775348,150.889232,house,700,2,2,2,true
2270383,11179706,1 Ida Place,Blacktown,2148,NSW,-33.766963,150.895881,house,560,2,2,2,true
2279371,11207541,102 Myrtle St,Prospect,2148,NSW,-33.795223,150.913874,house,557,1,1,1,true
2584645,11218763,13 Oulton Street,Prospect,2148,NSW,-33.793377,150.909010,house,557,2,2,3,true
4100493,11219498,34 Crudge Road,Marayong,2148,NSW,-33.750458,150.892870,house,,1,1,0,true
2598766,11240353,42 Rutherford Street,Blacktown,2148,NSW,-33.776856,150.891105,house,556,3,3,2,true
4069050,11265455,107/8C Myrtle Street,Prospect,2148,NSW,-33.796040,150.905930,unit,,1,1,1,true
68412,11326219,2a Balbeek Avenue,Blacktown,2148,NSW,-33.758902,150.888142,house,337,3,3,2,true
2863693,11370236,4 Lyte Place,Prospect,2148,NSW,-33.797223,150.915494,house,558,2,2,2,true
3900714,11371854,12 Joseph Street,Blacktown,2148,NSW,-33.779737,150.902996,house,695,1,1,2,true
4034126,11404123,37 Julie Street,Blacktown,2148,NSW,-33.785279,150.903067,house,556,2,2,2,true
3192569,11415170,54 Norman Street,Prospect,2148,NSW,-33.798603,150.910320,house,,3,3,2,false
68455,11422072,1 Nash Place,Blacktown,2148,NSW,-33.760611,150.894495,house,620,1,1,1,false
124441,11424728,27/37 SHEDWORTH STREET,Marayong,2148,NSW,-33.743424,150.895686,unit,,3,3,2,false
1618276,11483683,55 Kastelan Street,Blacktown,2148,NSW,-33.777043,150.886230,house,556,1,1,1,true
2088577,11518782,18 Sutton Street,Blacktown,2148,NSW,-33.780335,150.912379,house,556,1,1,1,true
1211599,11519495,14 Laker Street,Blacktown,2148,NSW,-33.782997,150.910326,house,613,1,1,6,true
1667208,11535517,9 Hunter Street,Blacktown,2148,NSW,-33.780184,150.882979,house,,3,3,3,true
68379,11560692,1 Stewart Avenue,Blacktown,2148,NSW,-33.759561,150.903819,house,556,3,3,3,true
68263,11571527,28 Bimbil St,Blacktown,2148,NSW,-33.766469,150.890367,house,1781,1,1,2,false
68277,11591811,43 Dunstable Road,Blacktown,2148,NSW,-33.757749,150.918610,house,676,1,1,2,true
1514379,11623101,5/22 Lancaster Street,Blacktown,2148,NSW,-33.769678,150.891819,unit,,1,1,2,true
1164258,11628387,8/9 Wallace Street,Blacktown,2148,NSW,-33.769254,150.913528,unit,,1,1,1,true
4091721,11633685,6 De Castella Drive,Blacktown,2148,NSW,-33.781398,150.879919,house,525,2,2,2,true
3984670,11641329,5B Ollier Crescent,Prospect,2148,NSW,-33.798336,150.910500,house,,1,1,2,false
2270382,11656504,51 Balmoral Street,Blacktown,2148,NSW,-33.775023,150.901763,house,1018,2,2,2,true
68346,11666934,5 Adella Avenue,Blacktown,2148,NSW,-33.768485,150.889460,house,,2,2,2,false
3964088,11699853,132B Walters Road,Blacktown,2148,NSW,-33.783055,150.893462,unit,,2,2,1,false
4072497,11766228,10 Craig Street,Blacktown,2148,NSW,-33.783420,150.898650,house,601,1,1,1,true
288666,11778621,203/8A MYRTLE STREET,Prospect,2148,NSW,-33.796041,150.905935,unit,,2,2,1,true
3587957,11786036,56 Ollier Crescent,Prospect,2148,NSW,-33.797325,150.906500,house,632,1,1,1,false
3465529,11808727,13/26 Clifton St,Blacktown,2148,NSW,-33.768600,150.913842,unit,,2,2,1,true
28726,11825056,91 Faulkland Crescent,Kings Park,2148,NSW,-33.741895,150.904517,house,559,1,1,2,true
1428931,11855876,7/22 Lancaster Street,Blacktown,2148,NSW,-33.769676,150.891820,unit,,1,1,1,true
222467,11875983,1A Cannon Street,Prospect,2148,NSW,-33.795267,150.920649,house,,1,1,3,true
222479,11909077,76 Norman Street,Prospect,2148,NSW,-33.798684,150.908264,house,570,2,2,2,true
3921524,11925596,10 Belrose Place,Prospect,2148,NSW,-33.797546,150.924480,house,737,2,2,2,true
4174422,11964468,43 Hadrian Avenue,Blacktown,2148,NSW,-33.788944,150.914720,house,,1,1,2,true
4063707,11985254,22 Faulkland Crescent,Kings Park,2148,NSW,-33.739690,150.907530,house,557,1,1,1,true
2872413,11993206,10 Burdett Crescent,Blacktown,2148,NSW,-33.769343,150.890578,house,531,3,3,1,true
4149185,11994170,17 Percy Street,Marayong,2148,NSW,-33.755115,150.898125,house,577,1,1,2,false
124456,12018986,47 Quakers Rd,Marayong,2148,NSW,-33.744950,150.894350,house,,3,3,2,false
1589377,12022876,315 Flushcombe Road,Blacktown,2148,NSW,-33.794650,150.904330,house,,2,2,1,false
68338,12036678,28A/177A Reservoir Rd,Blacktown,2148,NSW,-33.797414,150.899928,unit,,1,1,1,true
68516,12053918,14 Mort St,Blacktown,2148,NSW,-33.759155,150.918580,house,257,3,3,1,true
68404,12060983,26 Pank Parade,Blacktown,2148,NSW,-33.762360,150.890856,house,557,1,1,0,true
68333,12088671,34 Rutherford Street,Blacktown,2148,NSW,-33.776998,150.891828,house,556,1,1,3,false
4098157,12115268,22 Marcus Street,Kings Park,2148,NSW,-33.740315,150.903058,house,557,1,1,1,true
2734634,12150256,4 Patsy Place,Kings Park,2148,NSW,-33.737711,150.901914,house,557,1,1,4,true
68446,12175707,38 Ellerston Glade,Blacktown,2148,NSW,-33.761085,150.900916,house,,2,2,4,true
2135828,12220405,8 Dee Place,Prospect,2148,NSW,-33.800735,150.914859,house,389,1,1,0,true
124432,12237059,1 Nunga Place,Marayong,2148,NSW,-33.746825,150.889560,house,,1,1,1,false
2930384,12244677,17 Berg Street,Blacktown,2148,NSW,-33.788778,150.912764,house,569,2,2,1,true
124431,12293138,11 Daffodil Street,Marayong,2148,NSW,-33.748264,150.893659,house,,1,1,2,false
2572765,12296780,44 Dan Avenue,Blacktown,2148,NSW,-33.763872,150.894236,house,,1,1,1,false
2513621,12297255,1/44 Peter Street,Blacktown,2148,NSW,-33.764745,150.914005,unit,,2,2,1,true
570900,12397787,12 Hawkins Street,Blacktown,2148,NSW,-33.785130,150.918920,house,,1,1,1,true
1032913,12432797,5 Newman Street,Blacktown,2148,NSW,-33.774421,150.896587,house,305,2,2,2,true
4072495,12438382,56/7 Griffiths Street,Blacktown,2148,NSW,-33.773111,150.916262,unit,,1,1,1,true
28729,12444757,28 Wellesley Crescent,Kings Park,2148,NSW,-33.739504,150.915861,house,,1,1,2,true
329576,12446668,27 Upwey Street,Prospect,2148,NSW,-33.793498,150.906262,house,737,1,1,1,true
689227,12452317,203 Richmond Road,Marayong,2148,NSW,-33.752813,150.888760,land,,0,0,0,true
68537,12491954,179 Bungarribee Road,Blacktown,2148,NSW,-33.776070,150.899400,house,764,1,1,1,false
4072763,12496004,15 Shedworth Street,Marayong,2148,NSW,-33.742860,150.897580,house,556,1,1,2,true
4092212,12521324,43/13-19 Devitt Street,Blacktown,2148,NSW,-33.770923,150.915013,unit,,1,1,1,true
893166,12558780,7 The Crescent,Marayong,2148,NSW,-33.745744,150.897614,house,556,1,1,0,false
68451,12597801,65/17 Huntley Drive,Blacktown,2148,NSW,-33.793973,150.901817,unit,,2,2,1,true
3396696,12598769,22 Matthew Crescent,Blacktown,2148,NSW,-33.779337,150.898609,house,,2,2,1,false
861871,12601190,4 Canton Street,Kings Park,2148,NSW,-33.739305,150.903928,house,567,2,2,2,true
1514362,12604613,4 Kurrajong Crescent,Blacktown,2148,NSW,-33.788937,150.899479,house,556,5,3,2,true
68274,12639123,12 Gardenset Grove,Blacktown,2148,NSW,-33.793158,150.899288,house,532,2,2,2,true
2651296,12643851,5 McClean Street,Blacktown,2148,NSW,-33.757301,150.887063,house,,2,2,2,false
68250,12669902,28/2 Bruce Street,Blacktown,2148,NSW,-33.770126,150.916060,unit,,2,2,2,true
3013989,12669943,50A Anthony Street,Blacktown,2148,NSW,-33.750866,150.921770,land,566,0,0,0,true
1444080,12675641,29/1 Myrtle Street,Prospect,2148,NSW,-33.794528,150.905258,unit,,1,1,1,true
2751701,12724655,85 Doonside Crescent,Blacktown,2148,NSW,-33.764424,150.887142,house,701,2,2,2,true
4072499,12752369,57 Lyton Street,Blacktown,2148,NSW,-33.762380,150.894090,house,953,1,1,1,false
4148996,12799724,20 Gould Way,Blacktown,2148,NSW,-33.783386,150.883030,unit,,2,2,2,true
2668734,12808092,8/37 Shedworth Street,Marayong,2148,NSW,-33.743423,150.895690,unit,,3,3,2,true
1941345,12810112,15 Wattle Street,Blacktown,2148,NSW,-33.765532,150.888347,house,556,1,1,2,true
2872415,12820169,21 Dunn Way,Blacktown,2148,NSW,-33.783250,150.883760,house,,2,2,1,true
4160878,12838672,7/41 St Martins Crescent,Blacktown,2148,NSW,-33.781082,150.916410,unit,,2,2,2,true
2270384,12881166,9 Frederick Street,Blacktown,2148,NSW,-33.751991,150.918515,house,752,1,1,4,true
1778399,12881852,163b Kildare Road,Blacktown,2148,NSW,-33.767491,150.889992,house,334,1,1,0,true
68450,12916184,22 Highpoint Drive,Blacktown,2148,NSW,-33.790022,150.894182,house,450,1,1,2,true
124453,12928569,227 Richmond Road,Marayong,2148,NSW,-33.751431,150.886870,house,641,3,1,2,true
2126420,12965367,51a Doonside Crescent,Blacktown,2148,NSW,-33.764923,150.890350,house,,3,3,2,false
3751866,12968835,84 Myrtle Street,Prospect,2148,NSW,-33.795107,150.912316,house,642,2,2,0,true
1140684,13080485,320 Bungarribee Road,Blacktown,2148,NSW,-33.774975,150.886698,house,556,1,1,4,true
1164235,13197273,15 Archer Street,Blacktown,2148,NSW,-33.784513,150.897582,house,626,1,1,1,true
1008270,13202912,1 Nicholas Street,Blacktown,2148,NSW,-33.778187,150.901808,house,556,1,1,1,true
68380,13214606,17 Braddon Street,Blacktown,2148,NSW,-33.780240,150.888020,house,,1,1,2,true
3554780,13233627,91 Aldgate Street,Prospect,2148,NSW,-33.797585,150.918245,house,607,1,1,4,true
4061316,13245240,44/173A Reservoir Road,Blacktown,2148,NSW,-33.795990,150.899340,unit,190,1,1,1,true
3900735,13251937,39/2-4 Fourth Avenue,Blacktown,2148,NSW,-33.765390,150.912520,unit,,1,1,1,true
68497,13267732,1 Keyworth Drive,Blacktown,2148,NSW,-33.787853,150.919530,house,387,3,3,2,true
68309,13307409,1 Malouf Place,Blacktown,2148,NSW,-33.753836,150.887732,house,569,3,3,2,true
2177052,13346488,83 Turner Street,Blacktown,2148,NSW,-33.754004,150.925285,house,474,2,2,2,true
4098155,13361134,161 Madagascar Drive,Kings Park,2148,NSW,-33.738095,150.908777,house,480,1,1,1,true
3546137,13362176,252 Madagascar Drive,Kings Park,2148,NSW,-33.742768,150.914896,house,560,1,1,2,true
4092897,13364004,31B Vella Crescent,Blacktown,2148,NSW,-33.783288,150.890761,house,,2,2,2,true
4088396,13370952,32 Caratel Crescent,Marayong,2148,NSW,-33.747158,150.888958,house,565,1,1,2,false
1778435,13480890,4 Glamorgan Street,Blacktown,2148,NSW,-33.785765,150.910178,house,562,1,1,3,false
68464,13484155,10 Meroo Street,Blacktown,2148,NSW,-33.770878,150.898270,house,,1,1,1,false
4151357,13496610,105/1 Griffiths Street,Blacktown,2148,NSW,-33.773620,150.915570,unit,,1,1,1,true
3504629,13502607,32 Love Street,Blacktown,2148,NSW,-33.758485,150.889944,house,,2,2,3,true
68466,13517386,1/24-26 Fourth Avenue,Blacktown,2148,NSW,-33.764475,150.909933,unit,,2,2,1,true
1458195,13541763,55 William Street,Blacktown,2148,NSW,-33.764247,150.896076,house,604,1,1,2,true
2126417,13541794,200 Blacktown Road,Blacktown,2148,NSW,-33.788257,150.919216,house,588,1,1,2,true
4091730,13543397,8/26 Clifton St,Blacktown,2148,NSW,-33.768600,150.913842,unit,,1,1,1,false
4092533,13557257,8 Daphne Place,Blacktown,2148,NSW,-33.756948,150.917572,house,,2,2,2,false
1712946,13560482,194 Madagascar Drive,Kings Park,2148,NSW,-33.739111,150.913156,house,695,2,2,2,true
68377,13562197,6/16 Oxford Street,Blacktown,2148,NSW,-33.769436,150.913702,unit,,2,2,1,true
4100329,13564738,7/140 Walters Road,Blacktown,2148,NSW,-33.783775,150.893310,unit,,1,1,2,false
1164237,13568771,20/21-29 Third Avenue,Blacktown,2148,NSW,-33.765007,150.910130,unit,,1,1,1,true
912534,13588129,75 Highpoint Drive,Blacktown,2148,NSW,-33.791331,150.895124,unit,,2,2,2,false
1188571,13590326,35 Dunstable Road,Blacktown,2148,NSW,-33.757664,150.917959,house,676,1,1,2,true
68391,13608711,10 Valda Street,Blacktown,2148,NSW,-33.785310,150.905650,house,722,1,1,2,true
